,P/N,Rating,Rating_count,Comment_count,Brand,Series,Price,cpu_name,cpu_code,ram_size,ram_upgradable,GPU,Battery,storage_size,storage_type,storage_extra_slot,displ_size,displ_resolution,displ_rate,weight,length,width,thickness,OS,Surface,backlit_keyboard,hdmi,headphone_jack,lan,type_c,usb_a,sd_card
0,224VN,3.0,5,70,msi,Katana Gaming GF66 11UC,29990000.0,Intel,11800H,8.0,yes,NVIDIA GeForce RTX3050,53.0,512.0,SSD,no,15.6,1920 x 1080,144,2.1,359.0,259.0,24.9,Windows 10,Plastic,yes,yes,yes,yes,yes,yes,no
1,816VN,0.0,0,13,msi,Gaming Pulse GL66 11UDK,33990000.0,Intel,11800H,16.0,yes,NVIDIA GeForce RTX3050Ti,53.5,512.0,SSD,no,15.6,1920 x 1080,144,2.25,359.0,259.0,23.95,Windows 10,Metal,yes,yes,no,yes,yes,yes,no
2,NH.QD9SV.005,3.6,13,220,acer,Nitro 5 Gaming AN515 57 727J,29990000.0,Intel,11800H,8.0,yes,NVIDIA GeForce RTX3050Ti,57.0,512.0,SSD,yes,15.6,1920 x 1080,144,2.2,363.4,255.0,23.9,Windows 10,Plastic,yes,yes,yes,yes,yes,yes,no
3,NH.QDGSV.003,0.0,0,119,acer,Nitro 5 Gaming AN515 57 5831,32990000.0,Intel,11400H,8.0,yes,NVIDIA GeForce RTX 3060,57.5,512.0,SSD,yes,15.6,1920 x 1080,144,2.2,363.4,255.0,23.9,Windows 10,Plastic,yes,yes,yes,yes,yes,yes,no
4,NH.QAYSV.003,4.8,23,375,acer,Aspire 7 Gaming A715 42G R6ZR,22490000.0,AMD,5500U,8.0,yes,NVIDIA GeForce GTX 1650 4 GB,48.0,512.0,SSD,no,15.6,1920 x 1080,144,2.1,363.4,254.5,22.9,Windows 10,Plastic,yes,yes,yes,yes,yes,yes,no
5,NH.QEQSV.004,0.0,0,4,acer,Nitro 5 Gaming AN515 57 720A,30490000.0,Intel,11800H,8.0,yes,NVIDIA GeForce RTX3050Ti,57.5,512.0,SSD,yes,15.6,1920 x 1080,144,2.2,363.4,255.0,23.9,Windows 11,Plastic,yes,yes,yes,yes,yes,yes,no
6,KC-5S11130SB,0.0,0,6,gigabyte,Gaming G5,29990000.0,Intel,10500H,16.0,yes,NVIDIA GeForce RTX 3060,41.0,512.0,SSD,yes,15.6,1920 x 1080,144,2.2,361.0,258.0,24.9,Windows 11,Plastic,yes,yes,yes,yes,yes,yes,yes
7,NH.QENSV.005,0.0,0,5,acer,Nitro 5 Gaming AN515 57 71VV,28990000.0,Intel,11800H,8.0,yes,NVIDIA GeForce RTX3050,57.0,512.0,SSD,yes,15.6,1920 x 1080,144,2.2,363.4,255.0,23.9,Windows 10,Plastic,yes,yes,yes,yes,yes,yes,no
8,441VN,0.0,0,15,msi,Katana GF76 11UC,29990000.0,Intel,11800H,8.0,yes,NVIDIA GeForce RTX3050,53.0,512.0,SSD,no,17.3,1920 x 1080,144,2.6,398.0,273.0,25.2,Windows 10,Plastic,yes,yes,yes,yes,yes,yes,no
9,254VN,0.0,0,2,msi,Gaming Stealth 15M A11UEK,41990000.0,Intel,11375H,16.0,yes,Q,52.0,512.0,SSD,no,15.6,1920 x 1080,144,1.7,358.3,248.0,16.15,Windows 10,Metal,yes,yes,yes,no,yes,yes,yes
10,51S1123SH,5.0,1,14,gigabyte,Gaming G5,29990000.0,Intel,11400H,16.0,yes,NVIDIA GeForce RTX3050Ti,41.0,512.0,SSD,yes,15.6,1920 x 1080,144,2.2,361.0,258.0,24.9,Windows 10,Plastic,yes,yes,yes,yes,yes,yes,yes
11,HN1138W,0.0,0,28,asus,TUF Gaming FX506HCB,25990000.0,Intel,11400H,8.0,yes,NVIDIA GeForce RTX3050,48.0,512.0,SSD,yes,15.6,1920 x 1080,144,2.3,359.0,256.0,24.9,Windows 11,"Metal, Plastic",yes,yes,yes,yes,yes,yes,no
12,HN002T,1.0,1,28,asus,TUF Gaming FX516PM,32990000.0,Intel,11370H,8.0,yes,NVIDIA GeForce RTX 3060,76.0,512.0,SSD,yes,15.6,1920 x 1080,144,2.0,360.0,252.0,19.9,Windows 10,"Metal, Plastic",yes,yes,yes,yes,yes,yes,no
13,P105F004CGR,0.0,0,41,dell,Gaming G15 5515,24990000.0,AMD,5600H,8.0,yes,NVIDIA GeForce RTX3050,56.0,256.0,SSD,no,15.6,1920 x 1080,120,2.8,357.26,272.11,26.9,Windows 11,Plastic,yes,yes,yes,yes,yes,yes,no
14,P89F002BWH,2.3,9,154,dell,Gaming G3 15,31990000.0,Intel,10750H,16.0,yes,NVIDIA GeForce GTX 1660Ti,68.0,512.0,SSD,yes,15.6,1920 x 1080,120,2.58,364.46,254.0,30.96,Windows 10,Plastic,yes,yes,yes,yes,no,yes,yes
15,HN005T,5.0,5,70,asus,TUF Gaming FX516PE,29990000.0,Intel,11370H,8.0,yes,NVIDIA GeForce RTX3050Ti,76.0,512.0,SSD,yes,15.6,1920 x 1080,144,2.0,360.0,252.0,19.9,Windows 10,"Metal, Plastic",yes,yes,yes,yes,yes,yes,no
16,P105F004DGR,0.0,0,8,dell,Gaming G15 5515,27990000.0,AMD,5600H,16.0,yes,NVIDIA GeForce RTX3050,56.0,512.0,SSD,yes,15.6,1920 x 1080,120,2.8,357.26,272.11,26.9,Windows 11,Plastic,yes,yes,yes,yes,yes,yes,no
17,259VN,0.0,0,17,msi,Gaming GE66 Raider 11UH,77990000.0,Intel,11800H,32.0,yes,NVIDIA GeForce RTX 3080,99.9,2048.0,SSD,yes,15.6,2560 x 1440,240,2.38,358.0,267.0,23.4,Windows 10,Metal,yes,yes,yes,yes,yes,yes,yes
18,NH.QDSSV.001,0.0,0,25,acer,Predator Triton 300 PT315 53 71DJ,50990000.0,Intel,11800H,16.0,yes,NVIDIA GeForce RTX 3070,59.0,512.0,SSD,yes,15.6,2560 x 1440,165,2.0,353.0,255.0,19.9,Windows 10,Metal,yes,yes,yes,yes,yes,yes,no
19,,0.0,0,0,,,,,,,no,,,,,,,,60,,,,,,,no,yes,yes,yes,yes,yes,no
20,,0.0,0,0,,,,,,,no,,,,,,,,60,,,,,,,no,yes,yes,yes,yes,yes,no
21,,0.0,0,0,,,,,,,no,,,,,,,,60,,,,,,,no,yes,yes,yes,yes,yes,no
22,,0.0,0,0,,,,,,,no,,,,,,,,60,,,,,,,no,yes,yes,yes,yes,yes,no
23,219VN,0.0,0,20,msi,Gaming GS66 Stealth 11UG,64990000.0,Intel,11800H,32.0,yes,NVIDIA GeForce RTX 3070 Max-Q,99.9,2048.0,SSD,yes,15.6,1920 x 1080,360,2.1,358.3,248.0,19.8,Windows 10,Metal,yes,yes,yes,yes,yes,yes,no
24,258VN,0.0,0,15,msi,Gaming GE66 Raider 11UG,59990000.0,Intel,11800H,16.0,yes,NVIDIA GeForce RTX 3070,99.9,2048.0,SSD,yes,15.6,1920 x 1080,360,2.38,358.0,267.0,23.4,Windows 10,Metal,yes,yes,yes,yes,yes,yes,yes
25,JGNH62,0.0,0,17,dell,XPS 13 9310,59990000.0,Intel,1165G7,16.0,no,Intel Iris Xe Graphics,,512.0,SSD,no,13.4,3840 x 2400,60,1.27,297.0,207.0,14.35,Windows 10,Metal,yes,no,yes,no,yes,no,yes
26,26Y68PA,0.0,0,53,hp,Omen 15 ek0078TX,56990000.0,Intel,10750H,16.0,yes,Q Design,70.9,1024.0,SSD,yes,15.6,1920 x 1080,300,2.36,357.9,239.7,22.5,Windows 10,Carbon,yes,yes,yes,yes,no,yes,yes
27,,0.0,0,0,,,,,,,no,,,,,,,,60,,,,,,,no,yes,yes,yes,yes,yes,no
28,17Z90P-G.AH78A5,0.0,0,7,lg,Gram 17 2021,54890000.0,Intel,1165G7,16.0,no,Intel Iris Xe Graphics,80.0,1024.0,SSD,yes,17.0,2560 x 1600,60,1.35,380.2,260.1,17.8,Windows 10,"Carbon, Magnesium",yes,yes,yes,no,yes,yes,yes
29,435VN,0.0,0,45,msi,Gaming Leopard GP76 11UG,52990000.0,Intel,11800H,16.0,yes,NVIDIA GeForce RTX 3070,65.0,1024.0,SSD,yes,17.3,1920 x 1080,240,2.9,397.0,284.0,25.9,Windows 10,Metal,yes,yes,yes,yes,no,yes,yes
30,823VN,0.0,0,0,msi,Gaming Leopard GP76 11UG,52990000.0,Intel,11800H,16.0,yes,NVIDIA GeForce RTX 3070,65.0,1024.0,SSD,yes,17.3,1920 x 1080,300,2.9,397.0,284.0,25.9,Windows 10,Metal,yes,yes,yes,yes,no,yes,yes
31,17Z90P-G.AH76A5,0.0,0,0,lg,Gram 17 2021,52890000.0,Intel,1165G7,16.0,no,Intel Iris Xe Graphics,80.0,512.0,SSD,yes,17.0,2560 x 1600,60,1.35,380.2,260.1,17.8,Windows 10,"Carbon, Magnesium",yes,yes,yes,no,yes,yes,yes
32,16Z90P-G.AH75A5,0.0,0,7,lg,Gram 16 2021,50890000.0,Intel,1165G7,16.0,no,Intel Iris Xe Graphics,80.0,512.0,SSD,yes,16.0,2560 x 1600,60,1.19,355.9,243.4,16.8,Windows 10,"Carbon, Magnesium",yes,yes,yes,no,yes,yes,yes
33,Z11C000CJ,0.0,0,69,apple,MacBook Pro M1 2020,52990000.0,Apple,,16.0,no,8 nhân GPU,,1024.0,SSD,no,13.3,2560 x 1600,60,1.4,304.1,212.4,15.6,Mac OS,Metal,yes,no,yes,no,yes,no,no
34,82BG006EVN,2.0,1,30,lenovo,Yoga 9 14ITL5,46990000.0,Intel,1185G7,16.0,no,Intel Iris Xe Graphics,60.0,1024.0,SSD,no,14.0,3840 x 2160,60,1.37,319.4,216.4,15.7,Windows 10,Metal,yes,no,yes,no,yes,yes,no
35,16Z90P-G.AH73A5,0.0,0,3,lg,Gram 16 2021,48890000.0,Intel,1165G7,16.0,no,Intel Iris Xe Graphics,80.0,256.0,SSD,yes,16.0,2560 x 1600,60,1.19,355.9,243.4,16.8,Windows 10,"Carbon, Magnesium",yes,yes,yes,no,yes,yes,yes
36,14Z90P-G.AH75A5,0.0,0,6,lg,Gram 14 2021,47890000.0,Intel,1165G7,16.0,no,Intel Iris Xe Graphics,72.0,512.0,SSD,yes,14.0,1920 x 1200,60,0.999,313.4,215.2,16.8,Windows 10,"Carbon, Magnesium",yes,yes,yes,no,yes,yes,yes
37,082VN,0.0,0,17,msi,Summit E16 Flip,46990000.0,Intel,1195G7,16.0,no,NVIDIA GeForce RTX3050,82.0,1024.0,SSD,no,16.0,2560 x 1600,120,1.9,358.2,258.5,16.9,Windows 10,Metal,yes,yes,yes,no,yes,yes,yes
38,K2064T,0.0,0,34,asus,ROG Zephyrus G14 Alan Walker GA401QEC,49990000.0,AMD,5900HS,16.0,yes,NVIDIA GeForce RTX3050Ti,76.0,1024.0,SSD,no,14.0,2560 x 1440,120,1.7,324.0,220.0,19.9,Windows 10,"Metal, Plastic",yes,yes,yes,no,yes,yes,no
39,HL725WS,0.0,0,0,asus,ZenBook UX371EA,41990000.0,Intel,1165G7,16.0,no,Intel Iris Xe Graphics,67.0,1024.0,SSD,no,13.3,3840 x 2160,60,1.2,305.0,211.0,13.9,Windows 11,Metal,yes,yes,no,no,yes,yes,no
40,NH.QDQSV.001,5.0,1,32,acer,Predator Triton 300 PT315 53 75LQ,44990000.0,Intel,11800H,16.0,yes,NVIDIA GeForce RTX 3060,59.0,512.0,SSD,yes,15.6,2560 x 1440,165,2.0,353.0,255.0,19.9,Windows 10,Metal,yes,yes,yes,yes,yes,yes,no
41,275W0AV,0.0,0,0,hp,ZBook Firefly 14 G8,41590000.0,Intel,1165G7,16.0,yes,NVIDIA QuadroT500,53.0,1024.0,SSD,no,14.0,1920 x 1080,60,1.35,323.0,214.6,17.9,Windows 10,Metal,yes,yes,yes,no,yes,yes,no
42,3G1A4PA,0.0,0,50,hp,EliteBook X360 830 G8,41290000.0,Intel,1165G7,16.0,no,Intel Iris Xe Graphics,53.0,512.0,SSD,no,13.3,1920 x 1080,60,1.476,307.6,205.0,17.8,Windows 10,Metal,yes,yes,yes,no,yes,yes,no
43,Z11C,4.7,18,244,apple,MacBook Pro M1 2020,44990000.0,Apple,,16.0,no,8 nhân GPU,,512.0,SSD,no,13.3,2560 x 1600,60,1.4,304.1,212.4,15.6,Mac OS,Metal,yes,no,yes,no,yes,no,no
44,HL494TS,0.0,0,9,asus,ZenBook UX371EA,41990000.0,Intel,1165G7,16.0,no,Intel Iris Xe Graphics,67.0,1024.0,SSD,no,13.3,3840 x 2160,60,1.2,305.0,211.0,13.9,Windows 10,Metal,yes,yes,no,no,yes,yes,no
45,211VN,0.0,0,28,msi,Summit E13 Flip,39990000.0,Intel,1185G7,16.0,no,Intel Iris Xe Graphics,70.0,1024.0,SSD,no,13.4,1920 x 1200,60,1.35,300.2,222.25,14.9,Windows 10,Metal,yes,no,yes,no,yes,yes,yes
46,KA111T,0.0,0,27,asus,ZenBook Duo UX482EA,39990000.0,Intel,1165G7,16.0,no,Intel Iris Xe Graphics,70.0,1024.0,SSD,no,14.0,1920 x 1080,60,1.62,324.0,222.0,17.3,Windows 10,Metal,yes,yes,yes,no,yes,yes,yes
47,KA268T,0.0,0,8,asus,ZenBook Duo UX482EA,39990000.0,Intel,1165G7,16.0,no,Intel Iris Xe Graphics,70.0,1024.0,SSD,no,14.0,1920 x 1080,60,1.62,324.0,222.0,17.3,Windows 10,Metal,yes,yes,yes,no,yes,yes,yes
48,NH.QC2SV.002,5.0,1,108,acer,Predator Helios PH315 54 75YD,39990000.0,Intel,11800H,16.0,yes,NVIDIA GeForce RTX 3060,59.0,512.0,SSD,yes,15.6,2560 x 1440,165,2.3,363.0,255.0,22.9,Windows 10,"Metal, Plastic",yes,yes,yes,yes,yes,yes,no
49,Z11D000E5,5.0,1,78,apple,MacBook Pro,39990000.0,Apple,,16.0,no,8 nhân GPU,,256.0,SSD,no,13.3,2560 x 1600,60,1.4,304.1,212.4,15.6,Mac OS,Metal,yes,no,yes,no,yes,no,no
50,MYD92SA/A,0.0,0,148,apple,MacBook Pro M1 2020,39990000.0,Apple,,8.0,no,8 nhân GPU,,512.0,SSD,no,13.3,2560 x 1600,60,1.4,304.1,212.4,15.6,Mac OS,Metal,yes,no,yes,no,yes,no,no
51,Z12A00050,0.0,0,73,apple,MacBook Air M1 2020,39490000.0,Apple,,16.0,no,7 nhân GPU,,512.0,SSD,no,13.3,2560 x 1600,60,1.29,304.1,212.4,4.1,Mac OS,Metal,yes,no,yes,no,yes,no,no
52,2K0B7PA,0.0,0,57,hp,Envy 13 ba1031TU,33690000.0,Intel,1165G7,16.0,no,Intel Iris Xe Graphics,51.0,1024.0,SSD,no,13.3,1920 x 1080,60,1.236,306.5,194.6,16.9,Windows 10,Metal,yes,no,yes,no,no,yes,yes
53,70258051,0.0,0,45,dell,Gaming G15 5515,33390000.0,AMD,5800H,16.0,yes,NVIDIA GeForce RTX3050Ti,56.0,512.0,SSD,no,15.6,1920 x 1080,120,2.81,357.2,272.1,26.9,Windows 10,Plastic,yes,yes,yes,yes,yes,yes,no
54,052VN,0.0,0,0,msi,Prestige 15 A11SC,34990000.0,Intel,1185G7,16.0,yes,Q,82.0,512.0,SSD,yes,15.6,1920 x 1080,60,1.69,356.8,233.7,16.9,Windows 10,Metal,yes,yes,yes,no,yes,yes,yes
55,82EV0017VN,3.0,6,81,lenovo,YOGA Slim 7 Carbon 13ITL5,32740000.0,Intel,1165G7,16.0,no,Intel Iris Xe Graphics,50.0,1024.0,SSD,no,13.3,2560 x 1600,60,0.966,295.88,208.85,15.0,Windows 10,"Aluminum, Carbon, Magnesium",yes,no,yes,no,yes,no,no
56,NH.QC5SV.001,2.0,1,181,acer,Predator Helios PH315 54 78W5,33990000.0,Intel,11800H,8.0,yes,NVIDIA GeForce RTX3050Ti,57.0,512.0,SSD,yes,15.6,1920 x 1080,144,2.3,363.0,255.0,22.9,Windows 10,"Metal, Plastic",yes,yes,yes,yes,yes,yes,no
57,P89F002G3500B,0.0,0,35,dell,Gaming G3,31990000.0,Intel,10750H,16.0,yes,NVIDIA GeForce GTX 1660Ti,68.0,512.0,SSD,yes,15.6,1920 x 1080,120,2.58,364.46,254.0,30.96,Windows 10,Plastic,yes,yes,yes,yes,no,yes,yes
58,HP163T,0.0,0,48,asus,ZenBook Flip UX363EA,33990000.0,Intel,1165G7,16.0,no,Intel Iris Xe Graphics,67.0,512.0,SSD,no,13.3,1920 x 1080,60,1.3,305.0,211.0,11.9,Windows 10,Metal,yes,yes,no,no,yes,yes,no
59,228VN,4.5,4,84,msi,Gaming GF65 10UE,32490000.0,Intel,10750H,16.0,yes,Q,51.0,512.0,SSD,yes,15.6,1920 x 1080,144,1.86,359.0,254.0,21.7,Windows 10,"Metal, Plastic",yes,yes,yes,yes,yes,yes,no
60,HN023T,0.0,0,294,asus,TUF Gaming FX516PM,32990000.0,Intel,11370H,16.0,yes,NVIDIA GeForce RTX 3060,76.0,512.0,SSD,yes,15.6,1920 x 1080,144,2.0,360.0,252.0,19.9,Windows 10,"Metal, Plastic",yes,yes,yes,yes,yes,yes,no
61,HX011T,5.0,6,65,asus,TUF Gaming FX706HE,31990000.0,Intel,11800H,8.0,yes,NVIDIA GeForce RTX3050Ti,48.0,512.0,SSD,yes,17.3,1920 x 1080,144,2.6,399.0,269.0,23.9,Windows 10,"Metal, Plastic",yes,yes,yes,yes,yes,yes,no
62,70258049,0.0,0,26,dell,Gaming G15 5515,30990000.0,AMD,5800H,8.0,yes,NVIDIA GeForce RTX3050,56.0,512.0,SSD,no,15.6,1920 x 1080,120,2.81,357.2,272.1,26.9,Windows 10,Plastic,yes,yes,yes,yes,yes,yes,no
63,KA274T,0.0,0,1,asus,ZenBook Duo UX482EA,32990000.0,Intel,1135G7,8.0,no,Intel Iris Xe Graphics,70.0,512.0,SSD,no,14.0,1920 x 1080,60,1.62,324.0,222.0,17.3,Windows 10,Metal,yes,yes,yes,no,yes,yes,yes
64,Z124000DE,4.0,4,137,apple,MacBook Air M1 2020,33990000.0,Apple,,16.0,no,7 nhân GPU,,256.0,SSD,no,13.3,2560 x 1600,60,1.29,304.1,212.4,4.1,Mac OS,Metal,yes,no,yes,no,yes,no,no
65,N5I5012W,2.0,2,90,dell,Inspiron 7501,30490000.0,Intel,10300H,8.0,yes,NVIDIA GeForce GTX 1650Ti 4 GB,56.0,512.0,SSD,yes,15.6,1920 x 1080,60,1.9,356.1,234.5,18.9,Windows 10,Metal,yes,yes,yes,no,yes,yes,yes
66,2K0B6PA,0.0,0,227,hp,Envy 13 ba1030TU,30390000.0,Intel,1165G7,8.0,no,Intel Iris Xe Graphics,,512.0,SSD,no,13.3,1920 x 1080,60,1.236,306.5,194.6,16.9,Windows 10,Metal,yes,no,yes,no,yes,yes,yes
67,L1046T,0.0,0,58,asus,VivoBook Pro 15 OLED K3500PC,31990000.0,Intel,11370H,16.0,no,NVIDIA GeForce RTX3050,63.0,512.0,SSD,no,15.6,1920 x 1080,60,1.65,359.8,235.3,19.9,Windows 10,Metal,yes,yes,yes,no,yes,yes,yes
68,4U6M4PA,0.0,0,13,hp,Envy 13 ba1535TU,29590000.0,Intel,1165G7,8.0,no,Intel Iris Xe Graphics,51.0,512.0,SSD,no,13.3,1920 x 1080,60,1.236,306.5,194.6,16.9,Windows 11,Metal,yes,no,yes,no,yes,yes,yes
69,70261780,0.0,0,11,dell,Latitude 3520,30990000.0,Intel,1165G7,8.0,yes,Intel Iris Xe Graphics,41.0,512.0,SSD,yes,15.6,1920 x 1080,60,1.79,361.0,240.9,18.0,Windows 10,Plastic,yes,yes,yes,yes,yes,yes,yes
70,HX009T,0.0,0,34,asus,TUF Gaming FX706HC,29990000.0,Intel,11800H,8.0,yes,NVIDIA GeForce RTX3050,48.0,512.0,SSD,yes,17.3,1920 x 1080,144,2.6,399.0,269.0,23.9,Windows 10,"Metal, Plastic",yes,yes,yes,yes,yes,yes,no
71,N4I5134W,4.0,7,137,dell,Inspiron 7400,30490000.0,Intel,1135G7,16.0,no,NVIDIA GeForce MX350,52.0,512.0,SSD,no,14.0,2560 x 1600,60,1.35,321.7,224.5,16.75,Windows 10,"Metal, Plastic",yes,yes,yes,no,yes,yes,yes
72,KI439T,5.0,2,200,asus,ZenBook UX425EA,30690000.0,Intel,1165G7,16.0,no,Intel Iris Xe Graphics,67.0,512.0,SSD,no,14.0,1920 x 1080,60,1.17,319.0,208.0,13.9,Windows 10,Metal,yes,yes,no,no,yes,yes,yes
73,286VN,5.0,2,39,msi,Gaming GF65 Thin 10UE,29490000.0,Intel,10500H,16.0,yes,Q,51.0,512.0,SSD,yes,15.6,1920 x 1080,144,1.86,359.0,254.0,21.7,Windows 10,Metal,yes,yes,yes,yes,yes,yes,no
74,P89F002DBL,0.0,0,48,dell,Gaming G3 15,29990000.0,Intel,10750H,16.0,yes,NVIDIA GeForce GTX 1650Ti 4 GB,51.0,512.0,SSD,yes,15.6,1920 x 1080,120,2.58,364.46,254.0,30.96,Windows 10,Plastic,yes,yes,yes,yes,yes,yes,yes
75,31J36PA,5.0,1,140,hp,Pavilion Gaming 15 dk1159TX,28490000.0,Intel,10750H,8.0,yes,NVIDIA GeForce GTX 1650Ti 4 GB,52.5,32.0,SSD,yes,15.6,1920 x 1080,60,2.23,360.0,256.0,23.4,Windows 10,Plastic,yes,yes,yes,yes,yes,yes,yes
76,82AS007CVN,5.0,4,118,lenovo,Yoga Duet 7 13IML05,27990000.0,Intel,10510U,8.0,no,Intel UHD Graphics,42.0,512.0,SSD,no,13.0,2160x1350,60,1.1683,297.4,207.4,9.19,Windows 10,Metal,yes,no,yes,no,yes,no,yes
77,NH.QD9SV.001,0.0,0,264,acer,Nitro 5 Gaming AN515 57 74NU,29990000.0,Intel,11800H,8.0,yes,NVIDIA GeForce RTX3050Ti,57.0,512.0,SSD,yes,15.6,1920 x 1080,144,2.2,363.4,255.0,23.9,Windows 10,Plastic,yes,yes,yes,yes,yes,yes,no
78,HZ035T,3.7,15,354,asus,Rog Zephyrus Gaming G14 GA401QH,28990000.0,AMD,5800HS,8.0,yes,NVIDIA GeForce GTX 1650 4 GB,76.0,512.0,SSD,no,14.0,1920 x 1080,144,1.6,324.0,220.0,17.9,Windows 10,"Metal, Plastic",yes,yes,yes,no,yes,yes,no
79,HN001T,0.0,0,29,asus,TUF Gaming FX516PC,28990000.0,Intel,11370H,8.0,yes,NVIDIA GeForce RTX3050,76.0,512.0,SSD,yes,15.6,1920 x 1080,144,2.0,360.0,252.0,19.9,Windows 10,"Metal, Plastic",yes,yes,yes,yes,yes,yes,no
80,5S11130SH,0.0,0,30,gigabyte,Gaming G5,29990000.0,Intel,10500H,16.0,yes,NVIDIA GeForce RTX 3060,41.0,512.0,SSD,yes,15.6,1920 x 1080,144,2.2,361.0,258.0,24.9,Windows 10,Plastic,yes,yes,yes,yes,yes,yes,yes
81,HN141T,0.0,0,150,asus,TUF Gaming FX506HCB,28490000.0,Intel,11800H,8.0,yes,NVIDIA GeForce RTX3050,48.0,512.0,SSD,yes,15.6,1920 x 1080,144,2.3,359.0,256.0,24.9,Windows 10,"Metal, Plastic",yes,yes,yes,yes,yes,yes,no
82,NH.QENSV.004,4.7,3,73,acer,Nitro 5 Gaming AN515 57 54AF,28990000.0,Intel,11400H,16.0,yes,NVIDIA GeForce RTX3050,57.5,512.0,SSD,yes,15.6,1920 x 1080,144,2.2,363.4,255.0,23.9,Windows 11,Plastic,yes,yes,yes,yes,yes,yes,no
83,82EV0016VN,2.3,7,77,lenovo,YOGA Slim 7 Carbon 13ITL5,27140000.0,Intel,1135G7,16.0,no,Intel Iris Xe Graphics,50.0,512.0,SSD,no,13.3,2560 x 1600,60,0.966,295.88,208.85,15.0,Windows 10,"Aluminum, Carbon, Magnesium",yes,no,yes,no,yes,no,no
84,82MA000PVN,0.0,0,10,lenovo,Yoga Duet 7 13ITL6,28990000.0,Intel,1135G7,8.0,no,Intel Iris Xe Graphics,41.0,512.0,SSD,no,13.0,2160x1350,60,1.1683,297.4,207.4,9.19,Windows 10,Metal,yes,no,yes,no,yes,no,yes
85,82BH00CKVN,0.0,0,96,lenovo,Yoga 7 14ITL5,28990000.0,Intel,1165G7,8.0,no,Intel Iris Xe Graphics,71.0,512.0,SSD,no,14.0,1920 x 1080,60,1.43,320.4,214.6,17.7,Windows 10,Metal,yes,no,yes,no,yes,yes,no
86,L1045T,5.0,4,45,asus,VivoBook Pro 15 OLED K3500PC,28590000.0,Intel,11300H,16.0,no,NVIDIA GeForce RTX3050,63.0,512.0,SSD,no,15.6,1920 x 1080,60,1.65,359.8,235.3,19.9,Windows 10,Metal,yes,yes,yes,no,yes,yes,yes
87,20WE004EVN,0.0,0,48,lenovo,ThinkBook 14s Yoga ITL,27890000.0,Intel,1165G7,8.0,yes,Intel Iris Xe Graphics,60.0,512.0,SSD,yes,14.0,1920 x 1080,60,1.5,320.0,216.0,16.9,Windows 10,Metal,yes,yes,yes,no,yes,yes,yes
88,NX.H7HSV.002,0.0,0,107,acer,Swift 5 SF514 53T 720R,27990000.0,Intel,8565U,8.0,no,Intel UHD Graphics 620,,256.0,SSD,no,14.0,1920 x 1080,60,0.94,329.0,228.0,14.9,Windows 10,"Aluminum, Magnesium",yes,yes,yes,no,yes,yes,no
89,HP726W,0.0,0,7,asus,ZenBook Flip UX363EA,27990000.0,Intel,1135G7,8.0,no,Intel Iris Xe Graphics,67.0,512.0,SSD,no,13.3,1920 x 1080,60,1.3,305.0,211.0,11.9,Windows 11,Metal,yes,yes,yes,no,yes,yes,no
90,82A300DQVN,0.0,0,1,lenovo,Yoga Slim 7 14ITL05,27990000.0,Intel,1165G7,8.0,no,Intel Iris Xe Graphics,60.7,512.0,SSD,no,14.0,1920 x 1080,60,1.36,320.6,208.18,14.9,Windows 10,Metal,yes,yes,yes,no,yes,yes,yes
91,HP532T,0.0,0,4,asus,ZenBook Flip UX363EA,27990000.0,Intel,1135G7,8.0,no,Intel Iris Xe Graphics,67.0,512.0,SSD,no,13.3,1920 x 1080,60,1.3,305.0,211.0,11.9,Windows 10,Metal,yes,yes,yes,no,yes,yes,no
92,MGN63SA/A,4.5,45,1214,apple,MacBook Air M1 2020,28990000.0,Apple,,8.0,no,7 nhân GPU,,256.0,SSD,no,13.3,2560 x 1600,60,1.29,304.1,212.4,4.1,Mac OS,Metal,yes,no,yes,no,yes,no,no
93,HX003T,3.5,24,190,asus,TUF Gaming FX706HC,26990000.0,Intel,11400H,8.0,yes,NVIDIA GeForce RTX3050,48.0,512.0,SSD,yes,17.3,1920 x 1080,144,2.6,399.0,269.0,23.9,Windows 10,"Metal, Plastic",yes,yes,yes,yes,yes,yes,no
94,N4I5547W,0.0,0,17,dell,Inspiron 14 5410,27290000.0,Intel,1155G7,8.0,yes,NVIDIA GeForce MX350,41.0,512.0,SSD,no,14.0,1920 x 1080,60,1.65,321.0,211.0,18.0,Windows 10,"Metal, Plastic",yes,yes,yes,no,yes,yes,yes
95,GD-51S1123SH,0.0,0,3,gigabyte,G5,26990000.0,Intel,11400H,16.0,yes,NVIDIA GeForce RTX3050,41.0,512.0,SSD,yes,15.6,1920 x 1080,144,2.2,361.0,258.0,24.9,Windows 10,Plastic,yes,yes,yes,yes,yes,yes,yes
96,NH.QD8SV.003,3.9,25,377,acer,Nitro 5 Gaming AN515 57 50FT,27490000.0,Intel,11400H,16.0,yes,NVIDIA GeForce RTX3050,57.0,512.0,SSD,yes,15.6,1920 x 1080,144,2.2,363.4,255.0,23.9,Windows 10,Plastic,yes,yes,yes,yes,yes,yes,no
97,L1105T,0.0,0,2,asus,VivoBook Pro 15 OLED M3500QC,26590000.0,AMD,5600H,8.0,no,NVIDIA GeForce RTX3050,63.0,512.0,SSD,no,15.6,1920 x 1080,60,1.65,359.8,235.3,19.9,Windows 10,"Metal, Plastic",yes,yes,yes,no,yes,yes,yes
98,82AS007BVN,3.3,11,81,lenovo,Yoga Duet 7 13IML05,25240000.0,Intel,10210U,8.0,no,Intel UHD Graphics,42.0,512.0,SSD,no,13.0,2160x1350,60,1.1683,297.4,207.4,9.19,Windows 10,Metal,yes,no,yes,no,yes,no,yes
99,70267062,0.0,0,2,dell,Inspiron 15 3511,26490000.0,Intel,1165G7,8.0,yes,NVIDIA GeForce MX350,41.0,512.0,SSD,yes,15.6,1920 x 1080,60,1.73,359.0,235.5,19.0,Windows 10,Plastic,no,yes,yes,no,no,yes,yes
100,HN139T,3.5,10,199,asus,TUF Gaming FX506HCB,25990000.0,Intel,11400H,8.0,yes,NVIDIA GeForce RTX3050,48.0,512.0,SSD,yes,15.6,1920 x 1080,144,2.3,359.0,256.0,24.9,Windows 10,"Metal, Plastic",yes,yes,yes,yes,yes,yes,no
101,HN002T,5.0,9,360,asus,TUF Gaming FX506HC,25990000.0,Intel,11400H,8.0,yes,NVIDIA GeForce RTX3050,48.0,512.0,SSD,yes,15.6,1920 x 1080,144,2.3,359.0,256.0,24.9,Windows 10,"Metal, Plastic",yes,yes,yes,yes,yes,yes,no
102,51S1121SH,0.0,0,24,gigabyte,Gaming G5,26990000.0,Intel,11400H,16.0,yes,NVIDIA GeForce RTX3050,41.0,512.0,SSD,yes,15.6,1920 x 1080,144,2.2,361.0,258.0,24.9,Windows 10,Plastic,yes,yes,yes,yes,yes,yes,yes
103,NH.QENSV.003,0.0,0,312,acer,Nitro 5 Gaming AN515 57 54MV,26490000.0,Intel,11400H,8.0,yes,NVIDIA GeForce RTX3050,57.5,512.0,SSD,yes,15.6,1920 x 1080,144,2.2,363.4,255.0,23.9,Windows 11,Plastic,yes,yes,yes,yes,yes,yes,no
104,278VN,0.0,0,1,msi,Gaming Bravo 15 B5DD,25490000.0,AMD,5800H,8.0,yes,AMD Radeon RX 5500M,52.0,512.0,SSD,no,15.6,1920 x 1080,60,2.35,359.0,259.0,24.95,Windows 11,Plastic,yes,yes,yes,yes,yes,yes,no
105,V4I7015W,3.0,3,161,dell,Vostro 3400,25990000.0,Intel,1165G7,8.0,yes,NVIDIA GeForce MX330,42.0,512.0,SSD,yes,14.0,1920 x 1080,60,1.64,328.7,239.5,19.9,Windows 10,Plastic,no,yes,yes,yes,yes,yes,yes
106,81Y4013UVN,4.0,12,271,lenovo,Ideapad Gaming 3 15IMH05,26990000.0,Intel,10750H,8.0,yes,NVIDIA GeForce GTX 1650Ti 4 GB,45.0,512.0,SSD,yes,15.6,1920 x 1080,120,2.2,359.0,249.6,24.9,Windows 10,Plastic,yes,yes,yes,yes,yes,yes,no
107,KG538W,0.0,0,0,asus,ZenBook UX325EA,24290000.0,Intel,1135G7,8.0,no,Intel Iris Xe Graphics,67.0,512.0,SSD,no,13.3,1920 x 1080,60,1.14,304.2,203.0,13.9,Windows 11,Metal,yes,yes,no,no,yes,yes,yes
108,083VN,0.0,0,102,msi,Gaming Bravo 15 B5DD,24990000.0,AMD,5800H,8.0,yes,AMD Radeon RX 5500M,52.0,512.0,SSD,no,15.6,1920 x 1080,144,2.35,359.0,259.0,24.95,Windows 10,Plastic,yes,yes,yes,yes,yes,yes,no
109,NH.QBZSV.005,3.9,16,410,acer,Nitro 5 Gaming AN515 56 5256,25990000.0,Intel,11300H,16.0,yes,NVIDIA GeForce GTX 1650 4 GB,57.5,512.0,SSD,yes,15.6,1920 x 1080,144,2.2,363.4,255.0,23.9,Windows 10,Plastic,yes,yes,yes,yes,yes,yes,no
110,P105F004AGR,0.0,0,150,dell,Gaming G15 5515,24990000.0,AMD,5600H,8.0,yes,NVIDIA GeForce RTX3050,56.0,256.0,SSD,no,15.6,1920 x 1080,120,2.8,357.26,272.11,26.9,Windows 10,Plastic,yes,yes,yes,yes,yes,yes,no
111,20VA000MVN,0.0,0,170,lenovo,ThinkBook 14s G2 ITL,24990000.0,Intel,1165G7,8.0,no,Intel Iris Xe Graphics,56.0,512.0,SSD,no,14.0,1920 x 1080,60,1.27,322.0,207.0,14.9,Windows 10,Metal,yes,yes,yes,no,yes,yes,no
112,20WE004CVN,0.0,0,208,lenovo,ThinkBook 14s Yoga ITL,24790000.0,Intel,1135G7,8.0,yes,Intel Iris Xe Graphics,60.0,512.0,SSD,yes,14.0,1920 x 1080,60,1.5,320.0,216.0,16.9,Windows 10,Metal,yes,yes,yes,no,yes,yes,yes
113,70251593,0.0,0,140,dell,Latitude 3520,24690000.0,Intel,1135G7,,yes,Intel Iris Xe Graphics,41.0,256.0,SSD,yes,15.6,1920 x 1080,60,1.79,361.0,240.9,18.0,Windows 10,Plastic,yes,yes,yes,yes,yes,yes,yes
114,70253898,4.0,3,202,dell,Inspiron 3501,24590000.0,Intel,1165G7,8.0,yes,NVIDIA GeForce MX330,42.0,512.0,SSD,yes,15.6,1920 x 1080,60,1.91,363.96,249.0,19.9,Windows 10,Plastic,no,yes,yes,yes,no,yes,yes
115,P143G001ASL,0.0,0,26,dell,Inspiron 14 5410,24490000.0,Intel,11320H,8.0,yes,Intel Iris Xe Graphics,54.0,512.0,SSD,no,14.0,1920 x 1080,60,1.44,321.3,212.0,17.9,Windows 10,"Metal, Plastic",yes,yes,yes,no,yes,yes,yes
116,N5R75700U104W,0.0,0,37,dell,Inspiron 15 5515,24290000.0,AMD,5700U,8.0,yes,AMD Radeon Graphics,54.0,512.0,SSD,no,15.6,1920 x 1080,60,1.75,356.0,228.9,14.5,Windows 10,Plastic,yes,yes,yes,no,yes,yes,yes
117,KG363T,3.8,20,546,asus,ZenBook UX325EA,24290000.0,Intel,1135G7,8.0,no,Intel Iris Xe Graphics,67.0,512.0,SSD,no,13.3,1920 x 1080,60,1.14,304.2,203.0,13.9,Windows 10,Metal,yes,yes,no,no,yes,yes,yes
118,20VA000NVN,2.7,12,163,lenovo,ThinkBook 14s G2 ITL,23690000.0,Intel,1135G7,8.0,yes,Intel Iris Xe Graphics,56.0,512.0,SSD,no,14.0,1920 x 1080,60,1.27,322.0,207.0,14.9,Windows 10,Metal,yes,yes,yes,no,yes,yes,no
119,V4I5214W,5.0,1,73,dell,Vostro 5410,23690000.0,Intel,11320H,8.0,yes,Intel Iris Xe Graphics,54.0,512.0,SSD,no,14.0,1920 x 1080,60,1.44,321.2,212.8,17.9,Windows 10,,yes,yes,yes,yes,yes,yes,yes
120,82A300DPVN,4.3,3,34,lenovo,Yoga Slim 7 14ITL05,23990000.0,Intel,1135G7,8.0,no,Intel Iris Xe Graphics,60.7,512.0,SSD,no,14.0,1920 x 1080,60,1.36,320.6,208.18,14.9,Windows 10,Metal,yes,yes,yes,no,yes,yes,yes
121,KI429T,2.8,43,728,asus,ZenBook UX425EA,23990000.0,Intel,1135G7,8.0,no,Intel Iris Xe Graphics,67.0,512.0,SSD,no,14.0,1920 x 1080,60,1.17,319.0,208.0,13.9,Windows 10,Metal,yes,yes,no,no,yes,yes,yes
122,669VN,0.0,0,53,msi,Gaming Modern 14 B11SBU,22990000.0,Intel,1155G7,8.0,yes,NVIDIA GeForce MX450,39.0,512.0,SSD,no,14.0,1920 x 1080,60,1.3,319.0,219.0,16.9,Windows 10,Metal,yes,yes,yes,no,yes,yes,yes
123,480VN,3.3,35,612,msi,Gaming GF63 Thin 10SC,22990000.0,Intel,10750H,8.0,yes,Q Design,51.0,512.0,SSD,yes,15.6,1920 x 1080,144,1.86,359.0,254.0,21.7,Windows 10,"Metal, Plastic",yes,yes,yes,yes,yes,yes,no
124,82L30094VN,0.0,0,112,lenovo,Ideapad 5 Pro 14ITL6,23490000.0,Intel,1135G7,8.0,no,NVIDIA GeForce MX450,56.5,512.0,SSD,no,14.0,2240x1400,60,1.41,312.2,221.0,17.99,Windows 10,Metal,yes,yes,no,no,yes,yes,yes
125,70253901,3.9,40,722,dell,Vostro 5510,22990000.0,Intel,11300H,8.0,yes,Intel Iris Xe Graphics,54.0,512.0,SSD,yes,15.6,1920 x 1080,60,1.75,356.0,228.0,17.9,Windows 10,"Metal, Plastic",yes,yes,yes,yes,yes,yes,yes
126,70267060,0.0,0,9,dell,Inspiron 15 3511,22990000.0,Intel,1135G7,8.0,yes,NVIDIA GeForce MX350,41.0,512.0,SSD,yes,15.6,1920 x 1080,60,1.73,359.0,235.5,19.0,Windows 10,Plastic,no,yes,yes,no,no,yes,yes
127,0WT8R1,3.5,4,211,dell,Inspiron 15 5510,22990000.0,Intel,11300H,8.0,yes,Intel Iris Xe Graphics,54.0,256.0,SSD,no,15.6,1920 x 1080,60,1.75,356.0,228.0,17.9,Windows 10,"Metal, Plastic",yes,yes,yes,no,yes,yes,yes
128,70253897,3.0,2,129,dell,Inspiron 3501,22490000.0,Intel,1135G7,8.0,yes,NVIDIA GeForce MX330,42.0,512.0,SSD,yes,15.6,1920 x 1080,60,1.91,363.96,249.0,19.9,Windows 10,Plastic,no,yes,yes,yes,no,yes,yes
129,82FE00KNVN,5.0,6,122,lenovo,IdeaPad 5 14ITL05,22990000.0,Intel,1165G7,8.0,no,Intel Iris Xe Graphics,44.5,512.0,SSD,no,14.0,1920 x 1080,60,1.39,321.57,211.59,19.9,Windows 10,"Metal, Plastic",yes,yes,yes,no,yes,yes,yes
130,HN002T,3.9,94,1717,asus,TUF Gaming FX506LH,21990000.0,Intel,10300H,8.0,yes,NVIDIA GeForce GTX 1650 4 GB,48.0,512.0,SSD,yes,15.6,1920 x 1080,144,2.3,359.0,256.0,24.9,Windows 10,"Metal, Plastic",yes,yes,yes,yes,yes,yes,no
131,847VN,0.0,0,93,msi,Modern 14 B11MOU,21990000.0,Intel,1195G7,8.0,yes,Intel Iris Xe Graphics,39.0,512.0,SSD,no,14.0,1920 x 1080,60,1.3,319.0,219.0,16.9,Windows 10,Metal,yes,yes,yes,no,yes,yes,yes
132,YX51W3,5.0,2,18,dell,Vostro 3400,21990000.0,Intel,1135G7,8.0,yes,NVIDIA GeForce MX330,42.0,512.0,SSD,yes,14.0,1920 x 1080,60,1.64,328.7,239.5,19.9,Windows 10,Plastic,no,yes,yes,yes,yes,yes,yes
133,81Y4013VVN,3.5,36,595,lenovo,IdeaPad Gaming 3 15IMH05,22990000.0,Intel,10300H,8.0,yes,NVIDIA GeForce GTX 1650Ti 4 GB,45.0,512.0,SSD,yes,15.6,1920 x 1080,120,2.2,351.0,240.0,24.9,Windows 10,Plastic,yes,yes,yes,yes,yes,yes,no
134,V4R55500U015W,0.0,0,40,dell,Vostro 5415,21190000.0,AMD,5500U,8.0,yes,AMD Radeon Graphics,54.0,512.0,SSD,no,14.0,1920 x 1080,60,1.44,321.2,212.8,17.9,Windows 10,Plastic,yes,yes,yes,yes,yes,yes,yes
135,46M24PA,0.0,0,25,hp,15s fq2556TU,20290000.0,Intel,1165G7,8.0,yes,Intel Iris Xe Graphics,41.0,512.0,SSD,no,15.6,1920 x 1080,60,1.592,358.5,242.0,18.0,Windows 11,Plastic,no,yes,yes,no,yes,yes,yes
136,7G3983,3.7,38,248,dell,Vostro 3500,20990000.0,Intel,1135G7,8.0,yes,Intel Iris Xe Graphics,42.0,512.0,SSD,yes,15.6,1920 x 1080,60,1.98,364.0,249.0,19.9,Windows 10,Plastic,no,yes,yes,yes,no,yes,yes
137,7T2YC1,0.0,0,4,dell,Vostro 3510,20990000.0,Intel,1135G7,8.0,yes,Intel Iris Xe Graphics,42.0,512.0,SSD,no,15.6,1920 x 1080,60,1.69,358.5,235.5,18.9,Windows 10,Plastic,no,yes,yes,yes,no,yes,yes
138,V4I5003W,4.0,22,523,dell,Vostro 5402,20990000.0,Intel,1135G7,8.0,yes,Intel Iris Xe Graphics,40.0,256.0,SSD,no,14.0,1920 x 1080,60,1.41,321.3,216.2,17.9,Windows 10,Metal,yes,yes,yes,yes,yes,yes,yes
139,BN334T,2.9,23,724,asus,VivoBook A515EP,20790000.0,Intel,1135G7,8.0,yes,NVIDIA GeForce MX330,42.0,512.0,SSD,yes,15.6,1920 x 1080,60,1.8,359.0,235.0,17.9,Windows 10,"Metal, Plastic",no,yes,yes,no,yes,yes,yes
140,BN544T,5.0,1,219,asus,VivoBook  A515EP,20790000.0,Intel,1135G7,8.0,yes,NVIDIA GeForce MX330,42.0,512.0,SSD,yes,15.6,1920 x 1080,60,1.8,359.0,235.0,17.9,Windows 10,"Metal, Plastic",no,yes,yes,no,yes,yes,yes
141,20VD003KVN,3.6,13,187,lenovo,ThinkBook 14 G2 ITL,20390000.0,Intel,1135G7,8.0,yes,Intel Iris Xe Graphics,45.0,512.0,SSD,yes,14.0,1920 x 1080,60,1.4,323.0,218.0,17.9,Windows 10,Metal,no,yes,no,yes,yes,yes,yes
142,46M26PA,0.0,0,2,hp,15s fq2558TU,19290000.0,Intel,1165G7,8.0,yes,Intel Iris Xe Graphics,41.0,512.0,SSD,yes,15.6,1366 x 768,60,1.7,358.5,242.0,18.0,Windows 11,Plastic,no,yes,yes,no,yes,yes,yes
143,P112F001BBL,2.6,10,90,dell,Inspiron 15 3511,19990000.0,Intel,1135G7,4.0,yes,Intel Iris Xe Graphics,41.0,512.0,SSD,yes,15.6,1920 x 1080,60,1.7,358.5,235.5,18.9,Windows 10,Plastic,no,yes,yes,no,no,yes,yes
144,NH.QAYSV.004,4.1,131,2206,acer,Aspire 7 Gaming A715 42G R4ST,19990000.0,AMD,5500U,8.0,yes,NVIDIA GeForce GTX 1650 4 GB,48.0,256.0,SSD,no,15.6,1920 x 1080,60,2.1,363.4,254.5,22.9,Windows 10,Plastic,yes,yes,yes,yes,yes,yes,no
145,NX.A2ASV.006,3.0,40,357,acer,Aspire A514 54 53T8,19990000.0,Intel,1135G7,8.0,yes,Intel Iris Xe Graphics,48.0,1024.0,SSD,yes,14.0,1920 x 1080,60,1.46,328.0,223.0,17.95,Windows 10,"Metal, Plastic",yes,yes,yes,yes,yes,yes,no
146,L12032T,3.5,5,176,asus,VivoBook A515EA OLED,19990000.0,Intel,1135G7,8.0,yes,Intel Iris Xe Graphics,42.0,512.0,SSD,yes,15.6,1920 x 1080,60,1.8,359.0,235.0,17.9,Windows 10,"Metal, Plastic",no,yes,yes,no,yes,yes,yes
147,L11169T,2.7,27,482,asus,VivoBook A515EA,19990000.0,Intel,1135G7,8.0,no,Intel Iris Xe Graphics,42.0,512.0,SSD,yes,15.6,1920 x 1080,60,1.8,359.0,235.0,17.9,Windows 10,"Metal, Plastic",no,yes,yes,no,yes,yes,yes
148,L12032W,0.0,0,24,asus,VivoBook A515EA OLED,19990000.0,Intel,1135G7,8.0,yes,Intel Iris Xe Graphics,42.0,512.0,SSD,yes,15.6,1920 x 1080,60,1.8,359.0,235.0,17.9,Windows 11,"Metal, Plastic",no,yes,yes,no,yes,yes,yes
149,36A35PA,3.8,30,397,hp,340s G7,18090000.0,Intel,1035G1,8.0,yes,Intel UHD Graphics,41.0,512.0,SSD,no,14.0,1920 x 1080,60,1.38,324.0,225.0,17.9,Windows 10,Plastic,no,yes,yes,no,yes,yes,yes
150,518V7PA,3.0,5,140,hp,240 G8,18090000.0,Intel,1135G7,8.0,yes,Intel Iris Xe Graphics,41.0,512.0,SSD,yes,14.0,1920 x 1080,60,1.426,324.0,225.9,19.9,Windows 10,Plastic,no,yes,yes,yes,yes,yes,no
151,680VN,4.2,67,1150,msi,Modern 15 A11MU,18990000.0,Intel,1155G7,8.0,yes,Intel Iris Xe Graphics,52.0,512.0,SSD,yes,15.6,1920 x 1080,60,1.6,356.8,233.75,16.9,Windows 10,Metal,yes,yes,yes,no,yes,yes,yes
152,P90F005N3501B,2.7,24,479,dell,Inspiron 3501,18990000.0,Intel,1135G7,4.0,yes,Intel Iris Xe Graphics,42.0,512.0,SSD,no,15.6,1920 x 1080,60,1.96,363.96,249.0,19.9,Windows 10,Plastic,no,yes,yes,yes,no,yes,yes
153,46M27PA,3.6,72,974,hp,15s fq2559TU,17990000.0,Intel,1135G7,8.0,yes,Intel Iris Xe Graphics,41.0,512.0,SSD,no,15.6,1920 x 1080,60,1.592,358.5,242.0,18.0,Windows 10,Plastic,no,yes,yes,no,yes,yes,yes
154,46M27PA,0.0,0,12,hp,15s fq2559TU,18190000.0,Intel,1135G7,8.0,yes,Intel Iris Xe Graphics,41.0,512.0,SSD,no,15.6,1920 x 1080,60,1.592,358.5,242.0,18.0,Windows 11,Plastic,no,yes,yes,no,yes,yes,yes
155,70253900,3.6,21,536,dell,Vostro 3400,18890000.0,Intel,1135G7,8.0,yes,Intel Iris Xe Graphics,42.0,256.0,SSD,yes,14.0,1920 x 1080,60,1.64,328.7,239.5,19.9,Windows 10,Plastic,no,yes,yes,yes,no,yes,yes
156,46M06PA,4.2,165,1791,hp,Pavilion 15 eg0507TU,17790000.0,Intel,1135G7,8.0,yes,Intel Iris Xe Graphics,41.0,256.0,SSD,no,15.6,1920 x 1080,60,1.682,360.2,234.0,17.9,Windows 10,Metal,no,yes,yes,no,yes,yes,yes
157,BQ186T,3.3,6,423,asus,VivoBook X515EP,18990000.0,Intel,1135G7,8.0,yes,NVIDIA GeForce MX330,37.0,512.0,SSD,yes,15.6,1920 x 1080,60,1.8,360.2,234.9,19.9,Windows 10,Plastic,no,yes,yes,no,yes,yes,no
158,V4R53500U003W,3.3,13,363,dell,Vostro 3405,18490000.0,AMD,3500U,8.0,yes,AMD Radeon Vega 8 Graphics,42.0,512.0,SSD,yes,14.0,1920 x 1080,60,1.7,328.7,239.5,19.9,Windows 10,Plastic,no,yes,yes,yes,no,yes,yes
159,518V6PA,4.0,8,241,hp,240 G8,17090000.0,Intel,1135G7,8.0,yes,Intel Iris Xe Graphics,41.0,256.0,SSD,yes,14.0,1920 x 1080,60,1.426,324.0,225.9,19.9,Windows 10,Plastic,no,yes,yes,yes,yes,yes,no
160,46M29PA,0.0,0,40,hp,15s fq2561TU,16990000.0,Intel,1135G7,8.0,yes,Intel Iris Xe Graphics,41.0,512.0,SSD,yes,15.6,1366 x 768,60,1.7,358.5,242.0,18.0,Windows 11,Plastic,no,yes,yes,no,yes,yes,yes
161,EB637W,0.0,0,19,asus,VivoBook X415EA,17790000.0,Intel,1135G7,8.0,yes,Intel Iris Xe Graphics,37.0,512.0,SSD,yes,14.0,1920 x 1080,60,1.55,325.4,216.0,19.9,Windows 11,Plastic,no,yes,yes,no,yes,yes,no
162,EB637T,4.2,109,1197,asus,VivoBook X415EA,17590000.0,Intel,1135G7,8.0,yes,Intel Iris Xe Graphics,37.0,512.0,SSD,yes,14.0,1920 x 1080,60,1.55,325.4,216.0,19.9,Windows 10,Plastic,no,yes,yes,no,yes,yes,no
163,4B6D3PA,0.0,0,107,hp,15s fq2602TU,15790000.0,Intel,1135G7,8.0,yes,Intel Iris Xe Graphics,41.0,256.0,SSD,yes,15.6,1366 x 768,60,1.7,358.5,242.0,18.0,Windows 11,Plastic,no,yes,yes,no,yes,yes,yes
164,V4R53500U001W,4.7,4,393,dell,Vostro 3405,16490000.0,AMD,3500U,4.0,yes,AMD Radeon Vega 8 Graphics,42.0,256.0,SSD,yes,14.0,1920 x 1080,60,1.7,328.7,239.5,19.9,Windows 10,Plastic,no,yes,yes,yes,no,yes,yes
165,BN1624T,4.0,9,124,asus,VivoBook A515EA,16490000.0,Intel,1115G4,8.0,yes,Intel UHD Graphics,42.0,512.0,SSD,yes,15.6,1920 x 1080,60,1.8,359.0,235.0,17.9,Windows 10,"Metal, Plastic",no,yes,yes,no,yes,yes,yes
166,51X01PA,0.0,0,3,hp,Probook 440 G8,15390000.0,Intel,1115G4,4.0,yes,Intel UHD Graphics,45.0,512.0,SSD,no,14.0,1366 x 768,60,1.38,321.9,213.9,19.9,Windows 10,Plastic,yes,yes,yes,yes,yes,yes,yes
167,70270644,0.0,0,11,dell,Vostro 3400,15890000.0,Intel,1115G4,8.0,yes,Intel UHD Graphics,42.0,256.0,SSD,yes,14.0,1920 x 1080,60,1.64,328.7,239.5,19.9,Windows 11,Plastic,no,yes,yes,yes,no,yes,yes
168,70253899,1.5,5,171,dell,Vostro 3400,15690000.0,Intel,1115G4,8.0,yes,Intel UHD Graphics,42.0,256.0,SSD,yes,14.0,1920 x 1080,60,1.64,328.7,239.5,19.9,Windows 10,Plastic,no,yes,yes,yes,no,yes,yes
169,4P5G9PA,4.1,24,296,hp,Pavilion 15 eg0542TU,14890000.0,Intel,1125G4,4.0,yes,Intel UHD Graphics,41.0,256.0,SSD,no,15.6,1920 x 1080,60,1.682,360.2,234.0,17.9,Windows 11,Metal,no,yes,yes,no,yes,yes,yes
170,53Y22PA,0.0,0,9,hp,245 G8,14990000.0,AMD,5500U,4.0,yes,AMD Radeon Graphics,41.0,256.0,SSD,no,14.0,1920 x 1080,60,1.47,324.0,225.9,19.9,Windows 10,Plastic,no,yes,yes,yes,yes,yes,yes
171,2H0N5PA,0.0,0,131,hp,ProBook 430 G8,14590000.0,Intel,1115G4,4.0,yes,Intel UHD Graphics,45.0,256.0,SSD,no,13.3,1366 x 768,60,1.28,306.9,208.4,15.9,Windows 10,Metal,yes,yes,no,no,yes,yes,yes
172,P112F001ABL,3.7,18,206,dell,Inspiron 15 3511,15290000.0,Intel,1115G4,4.0,yes,Intel UHD Graphics,41.0,256.0,SSD,yes,15.6,1920 x 1080,60,1.7,358.5,235.5,18.9,Windows 10,Plastic,no,yes,yes,no,no,yes,yes
173,P90F005N3501C,3.3,10,730,dell,Inspiron 3501,14990000.0,Intel,1115G4,4.0,yes,Intel UHD Graphics,42.0,256.0,SSD,no,15.6,1920 x 1080,60,1.96,363.96,249.0,19.9,Windows 10,Plastic,no,yes,yes,yes,no,yes,yes
174,813VN,3.9,149,3424,msi,Modern 14 B11MOL,14690000.0,Intel,1115G4,8.0,yes,Intel UHD Graphics,39.0,256.0,SSD,no,14.0,1920 x 1080,60,1.3,319.0,219.0,18.1,Windows 10,Metal,yes,yes,yes,no,no,yes,yes
175,224L1PA,2.6,36,443,hp,340s G7,13890000.0,Intel,1005G1,4.0,yes,Intel UHD Graphics,41.0,512.0,SSD,no,14.0,1920 x 1080,60,1.346,324.0,225.0,17.9,Windows 10,Plastic,no,yes,yes,no,yes,yes,yes
176,EB638T,4.0,78,765,asus,VivoBook X415EA,14690000.0,Intel,1115G4,4.0,yes,Intel UHD Graphics,37.0,512.0,SSD,yes,14.0,1920 x 1080,60,1.55,325.4,216.0,19.9,Windows 10,Plastic,no,yes,yes,no,yes,yes,no
177,BQ1415W,0.0,0,39,asus,VivoBook X515EA,14690000.0,Intel,1115G4,8.0,yes,Intel UHD Graphics,37.0,256.0,SSD,yes,15.6,1920 x 1080,60,1.8,360.0,235.0,19.9,Windows 11,Plastic,no,yes,yes,no,yes,yes,no
178,EB638W,0.0,0,9,asus,VivoBook X415EA,14690000.0,Intel,1115G4,4.0,yes,Intel UHD Graphics,37.0,512.0,SSD,yes,14.0,1920 x 1080,60,1.55,325.4,216.0,19.9,Windows 11,Plastic,no,yes,yes,no,yes,yes,no
179,519A8PA,0.0,0,59,hp,240 G8,13590000.0,Intel,1005G1,4.0,yes,Intel UHD Graphics,41.0,512.0,SSD,no,14.0,1920 x 1080,60,1.47,324.0,225.9,19.9,Windows 10,Plastic,no,yes,yes,yes,yes,yes,no
180,849VN,4.0,20,393,msi,Modern 14 B11MOU,14190000.0,Intel,1115G4,8.0,yes,Intel UHD Graphics,39.0,256.0,SSD,no,14.0,1920 x 1080,60,1.3,319.0,219.0,18.1,Windows 10,Metal,yes,yes,yes,no,yes,yes,yes
181,BQ994T,3.8,126,1476,asus,VivoBook X515EA,13890000.0,Intel,1115G4,4.0,yes,Intel UHD Graphics,37.0,256.0,SSD,yes,15.6,1920 x 1080,60,1.8,360.2,234.9,19.9,Windows 10,Plastic,no,yes,yes,no,yes,yes,no
182,240Q4PA,3.4,17,530,hp,340s G7,12990000.0,Intel,1005G1,4.0,yes,Intel UHD Graphics,41.0,256.0,SSD,no,14.0,1920 x 1080,60,1.38,324.0,225.0,17.9,Windows 10,Plastic,no,yes,yes,no,yes,yes,yes
183,81WA00HPVN,3.4,40,561,lenovo,Ideapad 3 14IML05,13790000.0,Intel,10110U,8.0,yes,Intel UHD Graphics,35.0,256.0,SSD,yes,14.0,1920 x 1080,60,1.5,327.1,241.0,19.9,Windows 10,Plastic,no,yes,yes,no,no,yes,yes
184,519A7PA,3.7,7,160,hp,240 G8,12690000.0,Intel,1005G1,4.0,yes,Intel UHD Graphics,41.0,256.0,SSD,no,14.0,1920 x 1080,60,1.47,324.0,225.9,19.9,Windows 10,Plastic,no,yes,yes,yes,yes,yes,no
185,NX.HS5SV.00C,3.8,59,947,acer,Aspire A315 56 308N,11990000.0,Intel,1005G1,4.0,yes,Intel UHD Graphics,36.7,256.0,SSD,yes,15.6,1920 x 1080,60,1.7,363.4,247.5,19.9,Windows 10,Plastic,no,yes,yes,yes,no,yes,no
186,BR480W,0.0,0,0,asus,VivoBook X515MA,,,,,no,,,,,,,,60,,,,,,,no,yes,yes,yes,yes,yes,no
